{
	"info": {
		"_postman_id": "c2b1aa20-e055-421f-a799-4a6ba5ed97f1",
		"name": "Servicenow OAuth",
		"schema": "https://schema.getpostman.com/json/collection/v2.1.0/collection.json",
		"_exporter_id": "17709036"
	},
	"item": [
		{
			"name": "GenrateOAuth",
			"event": [
				{
					"listen": "test",
					"script": {
						"exec": [
							"var resp=pm.response.json();\r",
							"var access_token=resp.access_token;\r",
							"\r",
							"pm.globals.set(\"token\", access_token);"
						],
						"type": "text/javascript"
					}
				}
			],
			"request": {
				"auth": {
					"type": "noauth"
				},
				"method": "POST",
				"header": [],
				"body": {
					"mode": "urlencoded",
					"urlencoded": [
						{
							"key": "grant_type",
							"value": "password",
							"type": "text"
						},
						{
							"key": "client_id",
							"value": "ec51a3e7f9100210696c95eb71b2eeb8",
							"type": "text"
						},
						{
							"key": "client_secret",
							"value": "L3a3uF@poh",
							"type": "text"
						},
						{
							"key": "username",
							"value": "admin",
							"type": "text"
						},
						{
							"key": "password",
							"value": "I-Ks*dzGjO63",
							"type": "text"
						}
					]
				},
				"url": {
					"raw": "https://dev200784.service-now.com/oauth_token.do",
					"protocol": "https",
					"host": [
						"dev200784",
						"service-now",
						"com"
					],
					"path": [
						"oauth_token.do"
					]
				}
			},
			"response": []
		},
		{
			"name": "Create an Incident with OAuth",
			"event": [
				{
					"listen": "test",
					"script": {
						"exec": [
							"var resp=pm.response.json();\r",
							"// Extract sys_id\r",
							"var sys_id=resp.result.sys_id\r",
							"console.log(sys_id)\r",
							"//Save as Global variable\r",
							"pm.globals.set(\"globalSys_ID\", sys_id);\r",
							"\r",
							"\r",
							"\r",
							"\r",
							"\r",
							"pm.test(\"Create Incident\", function () {\r",
							"    pm.response.to.have.status(201);\r",
							"});"
						],
						"type": "text/javascript"
					}
				}
			],
			"request": {
				"method": "POST",
				"header": [],
				"body": {
					"mode": "raw",
					"raw": "{\r\n    \"short_description\": \"{{short_description}}\",\r\n    \"description\": \"{{desc}}\"\r\n}",
					"options": {
						"raw": {
							"language": "json"
						}
					}
				},
				"url": {
					"raw": "{{url}}/api/now/table/incident",
					"host": [
						"{{url}}"
					],
					"path": [
						"api",
						"now",
						"table",
						"incident"
					]
				}
			},
			"response": []
		}
	],
	"auth": {
		"type": "bearer",
		"bearer": [
			{
				"key": "token",
				"value": "{{token}}",
				"type": "string"
			}
		]
	},
	"event": [
		{
			"listen": "prerequest",
			"script": {
				"type": "text/javascript",
				"exec": [
					""
				]
			}
		},
		{
			"listen": "test",
			"script": {
				"type": "text/javascript",
				"exec": [
					""
				]
			}
		}
	]
}