{
	"id": "4d7ea56b-b2c4-4e03-86b5-bb62aa5abd52",
	"name": "QA",
	"values": [
		{
			"key": "url",
			"value": "https://dev200784.service-now.com",
			"type": "default",
			"enabled": true
		},
		{
			"key": "UserName",
			"value": "admin",
			"type": "default",
			"enabled": true
		},
		{
			"key": "Password",
			"value": "I-Ks*dzGjO63",
			"type": "secret",
			"enabled": true
		}
	],
	"_postman_variable_scope": "environment",
	"_postman_exported_at": "2024-02-17T03:43:19.458Z",
	"_postman_exported_using": "Postman/10.23.1"
}