{
	"id": "dee05c73-da73-4307-8173-fae80487132d",
	"values": [
		{
			"key": "globalSys_ID",
			"value": "",
			"type": "any",
			"enabled": true
		},
		{
			"key": "UserName",
			"value": "admin",
			"type": "default",
			"enabled": true
		},
		{
			"key": "Password",
			"value": "I-Ks*dzGjO63",
			"type": "secret",
			"enabled": true
		}
	],
	"name": "Globals",
	"_postman_variable_scope": "globals",
	"_postman_exported_at": "2024-02-17T03:43:51.685Z",
	"_postman_exported_using": "Postman/10.23.1"
}